bart_param,predictor,r,p,n,abs_r
alpha_plus,NEO_E,0.18961373770439954,0.0012484608919234618,287,0.18961373770439954
explosion_rate,SSSV,0.18803237299362754,1.8513605117094658e-13,1507,0.18803237299362754
mean_pumps,SSSV,0.18732486489752995,2.2857543759523595e-13,1507,0.18732486489752995
alpha_plus,CCTncards,0.17910627249559322,2.531770763202518e-12,1506,0.17910627249559322
explosion_rate,Drec,0.17645812813230666,5.250337439773467e-12,1507,0.17645812813230666
explosion_rate,SSexp,0.17618453462725872,5.667312749035754e-12,1507,0.17618453462725872
explosion_rate,Drec_b,0.17613727987903438,5.742544426523879e-12,1507,0.17613727987903438
alpha_plus,CCTratio,0.17577543456067757,6.454475823566366e-12,1506,0.17577543456067757
mean_pumps,Drec_b,0.1738462665413615,1.083636081708602e-11,1507,0.1738462665413615
mean_pumps,Drec,0.17114475722581543,2.266387319524276e-11,1507,0.17114475722581543
alpha_minus,NUM,-0.17018701250044763,2.935701954994193e-11,1507,0.17018701250044763
explosion_rate,CCTratio,0.16830740808875622,4.929121158271033e-11,1506,0.16830740808875622
mean_pumps,SSexp,0.16812524103578436,5.0986331361809154e-11,1507,0.16812524103578436
explosion_rate,CCTncards,0.16272087796168422,2.1270053733374297e-10,1506,0.16272087796168422
explosion_rate,Dhea,0.16268039361360245,2.1199664481452986e-10,1507,0.16268039361360245
alpha_plus,NEO_C,0.15951661442177079,0.006770017679121102,287,0.15951661442177079
mean_pumps,CCTratio,0.15908022385974707,5.369533001945948e-10,1506,0.15908022385974707
alpha_plus,STAI_trait,-0.1588965256488279,0.006151050280561118,296,0.1588965256488279
mean_pumps,CCTncards,0.15595102821589998,1.170295448303968e-09,1506,0.15595102821589998
mean_pumps,Dhea,0.15348263326124306,2.1141627534911502e-09,1507,0.15348263326124306
mean_pumps,SOEPsoc,0.150337568717168,4.50117287722639e-09,1507,0.150337568717168
explosion_rate,SStas,0.14919483426953734,5.90058202674716e-09,1507,0.14919483426953734
explosion_rate,SOEPsoc,0.14841480831945722,7.089823028288222e-09,1507,0.14841480831945722
mean_pumps,NUM,0.14704993237947123,9.753636006581291e-09,1507,0.14704993237947123
alpha_plus,NEO_N,-0.1459688574209391,0.013310582682154425,287,0.1459688574209391
mean_pumps,SStas,0.14281679774005926,2.5749247619559292e-08,1507,0.14281679774005926
explosion_rate,Deth,0.14168812726137214,3.3198851629307695e-08,1507,0.14168812726137214
mean_pumps,Deth,0.14068405822617566,4.155032419693842e-08,1507,0.14068405822617566
alpha_minus,WMC,-0.13880662294870139,8.091051772767871e-08,1482,0.13880662294870139
explosion_rate,Dhea_b,0.13853106284300445,6.68717190257496e-08,1507,0.13853106284300445
mean_pumps,NEO_O,0.1384387235708968,0.01916801478166691,286,0.1384387235708968
alpha_plus,CCTaratio,0.1365772480683139,1.0538092977565735e-07,1504,0.1365772480683139
mean_pumps,Dsoc_b,0.13484874190909804,1.484157519307229e-07,1507,0.13484874190909804
alpha_plus,NEO_A,0.13250965799020356,0.02502486131042402,286,0.13250965799020356
mean_pumps,Dhea_b,0.13201273347191564,2.7035919566691556e-07,1507,0.13201273347191564
explosion_rate,NUM,0.12912559881708502,4.91560282909036e-07,1507,0.12912559881708502
explosion_rate,Drec_r,-0.12853275903430902,5.548842427544896e-07,1507,0.12853275903430902
omega_0,NEO_O,0.1265935600507689,0.032344036044325286,286,0.1265935600507689
explosion_rate,STAI_trait,-0.12363904144399238,0.03347571116984404,296,0.12363904144399238
explosion_rate,CCTaratio,0.12348156747268649,1.5614676486942307e-06,1504,0.12348156747268649
mean_pumps,Drec_r,-0.12346501879863785,1.5294368438816311e-06,1507,0.12346501879863785
alpha_minus,SSSV,-0.1228534580657143,1.7239260506981629e-06,1507,0.1228534580657143
explosion_rate,Dsoc_b,0.12203614448651867,2.0212049076629163e-06,1507,0.12203614448651867
mean_pumps,PRI,0.12081335644617021,2.55950259251558e-06,1507,0.12081335644617021
alpha_minus,H_lot,-0.12067411620235148,2.6288752548671074e-06,1507,0.12067411620235148
mean_pumps,R_lot,0.11923664286985548,3.4588124796113595e-06,1507,0.11923664286985548
explosion_rate,NEO_E,0.11810682640106632,0.045594650674807884,287,0.11810682640106632
alpha_minus,SSTM,-0.1180009630183644,5.206726100986054e-06,1483,0.1180009630183644
explosion_rate,PRI,0.11701462385197742,5.2534394263696164e-06,1507,0.11701462385197742
alpha_minus,MUpc,-0.11668798816509775,6.396701988572529e-06,1488,0.11668798816509775
explosion_rate,Dy,0.1165349244184269,5.74387419552872e-06,1507,0.1165349244184269
alpha_minus,Dhea_r,0.11621429707309418,6.095768472753198e-06,1507,0.11621429707309418
mean_pumps,PRIw,0.11606618757245471,6.265194392735982e-06,1507,0.11606618757245471
explosion_rate,NEO_N,-0.1159765609590083,0.04966694549108158,287,0.1159765609590083
alpha_minus,Dhea,-0.11579347791138836,6.588996528827602e-06,1507,0.11579347791138836
explosion_rate,R,0.11514833587878322,7.419890283394047e-06,1507,0.11514833587878322
mean_pumps,Dhea_r,-0.11474140930971517,7.994486472260927e-06,1507,0.11474140930971517
mean_pumps,Dy,0.11402537497964599,9.110180363182473e-06,1507,0.11402537497964599
omega_0,SSexp,0.11357644291259716,9.883893687430715e-06,1507,0.11357644291259716
mean_pumps,CCTaratio,0.11286577691960675,1.1466958601472298e-05,1504,0.11286577691960675
explosion_rate,R_lot,0.1127771156699465,1.1419160024489337e-05,1507,0.1127771156699465
mean_pumps,STAI_trait,-0.11203953998362247,0.05416537121914592,296,0.11203953998362247
explosion_rate,Dhea_r,-0.11157969832330913,1.4151089181228892e-05,1507,0.11157969832330913
alpha_minus,SSpcLet,-0.11111971743810593,1.726939519324942e-05,1489,0.11111971743810593
explosion_rate,PRIw,0.11087086220140313,1.605073894070197e-05,1507,0.11087086220140313
alpha_minus,Drec_b,-0.10959917980735437,2.0082550676584144e-05,1507,0.10959917980735437
alpha_minus,Dhea_b,-0.10958888681515505,2.0118811431879767e-05,1507,0.10958888681515505
mean_pumps,NEO_N,-0.10920732577722715,0.0646682198547955,287,0.10920732577722715
explosion_rate,SSbor,0.10889793698544632,2.2700551057410806e-05,1507,0.10889793698544632
alpha_minus,Drec_r,0.10825058273124426,2.5402758061905127e-05,1507,0.10825058273124426
explosion_rate,SOEPocc,0.10727245640339039,3.0072341570310975e-05,1507,0.10727245640339039
mean_pumps,Dsoc,0.1066777616855663,3.329828256100639e-05,1507,0.1066777616855663
sigma,SSexp,0.10617805727784818,3.6260235590850934e-05,1507,0.10617805727784818
explosion_rate,dif.perc.bound,0.1061448597297261,3.80211394265428e-05,1500,0.1061448597297261
alpha_minus,CV,0.10562578343786533,3.9823995642591974e-05,1507,0.10562578343786533
explosion_rate,NEO_O,0.10560159416519371,0.07457774766147668,286,0.10560159416519371
mean_pumps,SSbor,0.10541111844206885,4.129685074360147e-05,1507,0.10541111844206885
explosion_rate,SOEP,0.10502092167877548,4.410721461996804e-05,1507,0.10502092167877548
mean_pumps,Dsoc_r,-0.10493397861825753,4.4757643653682096e-05,1507,0.10493397861825753
mean_pumps,WMC,0.10489120189785979,5.2160764241992744e-05,1482,0.10489120189785979
mean_pumps,samples,0.10483888726984425,4.547943247501649e-05,1507,0.10483888726984425
sigma,SSSV,0.10474606914381955,4.619459186750047e-05,1507,0.10474606914381955
mean_pumps,SSdis,0.10445612262148342,4.849785942439672e-05,1507,0.10445612262148342
rho_0,NEO_A,0.10435317427507733,0.07809349677290914,286,0.10435317427507733
explosion_rate,AUDIT,0.10405107337898531,5.1898151823397086e-05,1507,0.10405107337898531
alpha_minus,Drec,-0.10269457264939298,6.500391823553484e-05,1507,0.10269457264939298
mean_pumps,SOEPocc,0.10256941940980115,6.635930996885807e-05,1507,0.10256941940980115
explosion_rate,Dsoc,0.10240096601224032,6.82258609805195e-05,1507,0.10240096601224032
mean_pumps,Deth_r,-0.10239954212920288,6.824184782513132e-05,1507,0.10239954212920288
mean_pumps,Dinv_r,-0.10173396178608594,7.611519795119264e-05,1507,0.10173396178608594
alpha_minus,Deth,-0.10135279273417748,8.100283412593877e-05,1507,0.10135279273417748
sigma,SOEP,0.10092101372831402,8.689704408534492e-05,1507,0.10092101372831402
alpha_minus,SSdis,-0.09970859073539476,0.00010568697780092326,1507,0.09970859073539476
explosion_rate,Dm,0.0995367311337762,0.00010864159771197133,1507,0.0995367311337762
mean_pumps,NEO_E,0.09920563351533733,0.09345338746771296,287,0.09920563351533733
mean_pumps,Deth_b,0.09900614146364492,0.00011826237051996137,1507,0.09900614146364492
sigma,Drec,0.09863172003079336,0.00012552848260435632,1507,0.09863172003079336
alpha_minus,OSpcLet,-0.09835965835031837,0.00014382673943496863,1489,0.09835965835031837
explosion_rate,Deth_b,0.09835824896882533,0.00013109898342789956,1507,0.09835824896882533
mean_pumps,Dinv,0.09833143442282709,0.00013165753775013923,1507,0.09833143442282709
explosion_rate,Deth_r,-0.09810083105462303,0.00013655439803086943,1507,0.09810083105462303
mean_pumps,dif.perc.bound,0.09778168655081315,0.00014883592199462628,1500,0.09778168655081315
sigma,CCTratio,0.095811508911231,0.00019635554670184864,1506,0.095811508911231
mean_pumps,SOEP,0.09569268850850803,0.00019902008414056144,1507,0.09569268850850803
sigma,R_dfe,0.09502285972742076,0.00022066940535049357,1507,0.09502285972742076
alpha_minus,Deth_r,0.09478701166961497,0.00022880428759459962,1507,0.09478701166961497
mean_pumps,Dm,0.09459871097207653,0.00023550014030932954,1507,0.09459871097207653
mean_pumps,R,0.09407919452059009,0.00025493872109703394,1507,0.09407919452059009
omega_0,Drec_b,0.09319953465800541,0.00029131775438909533,1507,0.09319953465800541
explosion_rate,BIS1per,0.09251748126630295,0.00032280929085039576,1507,0.09251748126630295
omega_0,NEO_C,0.09246535789708918,0.11805815463498158,287,0.09246535789708918
mean_pumps,MUpc,0.0923744541706877,0.0003597931210669741,1488,0.0923744541706877
sigma,Dsoc_b,0.09231886065385031,0.0003325617956271369,1507,0.09231886065385031
sigma,Dhea,0.09182534189588928,0.00035799951783684834,1507,0.09182534189588928
explosion_rate,Dinv,0.09117934322618994,0.00039404800740401016,1507,0.09117934322618994
mean_pumps,AUDIT,0.09108982265708795,0.0003993027669523273,1507,0.09108982265708795
rho_0,NEO_C,-0.09045405755370502,0.12630486939721094,287,0.09045405755370502
alpha_minus,PRI,-0.09006100483922816,0.00046457595657443035,1507,0.09006100483922816
sigma,SStas,0.08999115210255577,0.00046935010441057025,1507,0.08999115210255577
mean_pumps,DAST,0.08989686835220832,0.0004758665434165538,1507,0.08989686835220832
explosion_rate,SSdis,0.0895796785196362,0.0004984133023843931,1507,0.0895796785196362
alpha_minus,PRIw,-0.08919015373737149,0.0005274628811391683,1507,0.08919015373737149
omega_0,Dsoc_b,0.0888325957159452,0.0005555086280146316,1507,0.0888325957159452
mean_pumps,H_lot,0.08874270095578546,0.0005627747844001378,1507,0.08874270095578546
explosion_rate,Dinv_r,-0.08850739412482682,0.0005822153401008185,1507,0.08850739412482682
explosion_rate,household,0.08846554856877543,0.0006109883742205411,1497,0.08846554856877543
alpha_minus,SOEPsoc,-0.08838741866200368,0.0005923661710704375,1507,0.08838741866200368
explosion_rate,samples,0.08822922979767364,0.0006060017869604366,1507,0.08822922979767364
alpha_minus,SSexp,-0.08808960012820206,0.0006182795289590643,1507,0.08808960012820206
explosion_rate,SOEPhea,0.08806651915080989,0.0006203311894535569,1507,0.08806651915080989
explosion_rate,R_sh1,0.08746170473557952,0.0006764021357307667,1507,0.08746170473557952
mean_pumps,SSpcLet,0.08741283185100486,0.0007336621533845153,1489,0.08741283185100486
mean_pumps,CCTpayoff,0.08682937475187053,0.0007430517690626639,1506,0.08682937475187053
alpha_minus,R,-0.08682608211091768,0.0007403759936452226,1507,0.08682608211091768
explosion_rate,Dsoc_r,-0.0855513684312414,0.0008859215537928791,1507,0.0855513684312414
sigma,CCTncards,0.08518322763346972,0.0009363157257895623,1506,0.08518322763346972
omega_0,Drec,0.08470423330617008,0.000996848525685217,1507,0.08470423330617008
mean_pumps,household,0.08461984516614675,0.0010485029223906517,1497,0.08461984516614675
explosion_rate,R_dfe,0.08408082266848894,0.0010865380150184075,1507,0.08408082266848894
explosion_rate,BIS1ctr,0.08376484479226312,0.0011347919141862519,1507,0.08376484479226312
omega_0,SSSV,0.08355475660095843,0.0011679623147254241,1507,0.08355475660095843
alpha_minus,Dm,-0.0834921631268665,0.0011780167856296046,1507,0.0834921631268665
explosion_rate,SOEPfin,0.083430329065102,0.00118802766700819,1507,0.083430329065102
explosion_rate,BIS2npl,0.0829585274973364,0.0012670363409160827,1507,0.0829585274973364
mean_pumps,BIS1per,0.08220768005756525,0.0014028232018078836,1507,0.08220768005756525
alpha_minus,Dsoc,-0.08146967191370402,0.0015492361166020972,1507,0.08146967191370402
alpha_minus,rt_decision,-0.08133801137621248,0.0015767888401842763,1507,0.08133801137621248
explosion_rate,CCTpayoff,0.08116595797125174,0.0016192778426685401,1506,0.08116595797125174
omega_0,NEO_E,0.08055129321616232,0.173550865573611,287,0.08055129321616232
sigma,Dy,0.07955406132146767,0.0019973019147919986,1507,0.07955406132146767
alpha_minus,Dsoc_b,-0.07945572850224249,0.0020232306049644344,1507,0.07945572850224249
mean_pumps,SOEPfin,0.07944857665027015,0.002025128411672363,1507,0.07944857665027015
omega_0,SOEPsoc,0.07939586435710363,0.0020391664979303743,1507,0.07939586435710363
alpha_minus,SSbor,-0.07922797097312383,0.0020844756682429754,1507,0.07922797097312383
alpha_plus,SSTM,-0.07870741253219052,0.002420133427063899,1483,0.07870741253219052
alpha_minus,Dgam,-0.07851904200653623,0.0022861453680499758,1507,0.07851904200653623
alpha_minus,Deth_b,-0.07840798799026738,0.0023193076093890913,1507,0.07840798799026738
alpha_minus,SOEPocc,-0.07800276121038939,0.002444081232182168,1507,0.07800276121038939
alpha_minus,CCTpayoff,-0.07799875569676042,0.0024535115917233997,1506,0.07799875569676042
explosion_rate,DAST,0.0776177291752356,0.002568292324104997,1507,0.0776177291752356
sigma,Drec_b,0.07746174683369075,0.0026202332617950986,1507,0.07746174683369075
alpha_minus,Dinv,-0.07738495429263553,0.0026461554245261016,1507,0.07738495429263553
mean_pumps,BIS1ctr,0.07710290944061973,0.00274338488890678,1507,0.07710290944061973
sigma,SSpcLet,-0.07611707835245844,0.0032930465672528935,1489,0.07611707835245844
sigma,CAREaggr,0.07529271115756876,0.0034490249726955714,1507,0.07529271115756876
alpha_minus,SStas,-0.0745637645474885,0.0037770786347763297,1507,0.0745637645474885
explosion_rate,R_sh2,0.07447257874127608,0.0038200503632567096,1507,0.07447257874127608
sigma,SOEPfin,0.07334762680094979,0.004387932599803785,1507,0.07334762680094979
rho_0,BIS1per,0.07304285104102688,0.00455441953794906,1507,0.07304285104102688
alpha_minus,R_sh2,-0.07273707620708052,0.004727176064444164,1507,0.07273707620708052
alpha_minus,CAREsex,-0.07246075019914278,0.00488836851197967,1507,0.07246075019914278
alpha_minus,BIS1per,-0.07244113361275017,0.00489999835782618,1507,0.07244113361275017
mean_pumps,SOEPrec,0.07228695125061817,0.004992280668308214,1507,0.07228695125061817
explosion_rate,SSrtOp,0.07227103123517045,0.005269666539268243,1489,0.07227103123517045
mean_pumps,R_dfe,0.07224585921108419,0.005017138905485096,1507,0.07224585921108419
mean_pumps,BIS2npl,0.07224041593357772,0.00502044013673103,1507,0.07224041593357772
mean_pumps,rt_decision,0.07205781209151815,0.0051323287164456305,1507,0.07205781209151815
alpha_minus,SOEP,-0.07147921636899812,0.005501881849341984,1507,0.07147921636899812
alpha_minus,H_dfe,0.07102320846132301,0.005809860411638232,1507,0.07102320846132301
mean_pumps,OSpcLet,0.07096661374608051,0.006151709020229034,1489,0.07096661374608051
alpha_minus,BIS2mot,-0.07070993813599824,0.006030345152529751,1507,0.07070993813599824
alpha_minus,R_lot,-0.0701338062072687,0.006455582669873658,1507,0.0701338062072687
explosion_rate,SOEPrec,0.06984210688604546,0.006680998372694303,1507,0.06984210688604546
omega_0,SOEPocc,0.06969892105984533,0.0067942134888214776,1507,0.06969892105984533
alpha_minus,dif.perc.bound,-0.06939126936620073,0.007177104358920997,1500,0.06939126936620073
mean_pumps,SOEPhea,0.06938142051237547,0.0070514228438234555,1507,0.06938142051237547
omega_0,Dsoc,0.06926211837219937,0.00715030584832316,1507,0.06926211837219937
alpha_minus,BIS1ctr,-0.06925685715614509,0.007154695071496297,1507,0.06925685715614509
explosion_rate,WMC,0.06924494980126752,0.0076609657753274555,1482,0.06924494980126752
mean_pumps,SSpcOp,0.06886183988304084,0.007857447202401616,1489,0.06886183988304084
sigma,NEO_C,-0.06838095599218762,0.24819554688298504,287,0.06838095599218762
rho_0,BIS1com,0.0681260155693704,0.008156111758205,1507,0.0681260155693704
alpha_plus,WMC,-0.06771431366583691,0.009118611416911587,1482,0.06771431366583691
rho_0,Drec_r,-0.06758787123975088,0.008675281082615395,1507,0.06758787123975088
explosion_rate,rt_decision,0.06753430521268354,0.00872853961188421,1507,0.06753430521268354
omega_0,Dy,0.06731687270086634,0.00894773336821677,1507,0.06731687270086634
rho_0,STAI_trait,-0.06715139165144512,0.24943273844740993,296,0.06715139165144512
explosion_rate,H_lot,0.06708826589802441,0.009183475616789404,1507,0.06708826589802441
omega_0,R_lot,0.06700270086856246,0.00927312582100546,1507,0.06700270086856246
rho_0,Deth_r,-0.06661251855221624,0.009691903693674985,1507,0.06661251855221624
mean_pumps,R_sh1,0.0661379693590504,0.010223871929386246,1507,0.0661379693590504
explosion_rate,SSpcLet,0.06585960280836285,0.011022414836148896,1489,0.06585960280836285
mean_pumps,R_sh2,0.06580976092608887,0.010606828655870247,1507,0.06580976092608887
alpha_minus,Dinv_r,0.06573591733426788,0.010694726600571396,1507,0.06573591733426788
alpha_plus,AUDIT,0.06526429801196483,0.011271526685664054,1507,0.06526429801196483
sigma,CCTaratio,0.06496327453727978,0.011737594976234238,1504,0.06496327453727978
explosion_rate,OSpcOp,0.06489622248635456,0.012254678000952583,1489,0.06489622248635456
explosion_rate,SSpcOp,0.06460166087559947,0.012655050559757724,1489,0.06460166087559947
rho_0,Rexp,0.06458887099231013,0.013798507120191143,1453,0.06458887099231013
sigma,Deth,0.06454460423115695,0.01220496060765433,1507,0.06454460423115695
explosion_rate,BIS2mot,0.06437292362322086,0.012437492141111207,1507,0.06437292362322086
mean_pumps,Dinv_b,0.06418772182781657,0.012692724187537249,1507,0.06418772182781657
omega_0,OSrtOp,0.0638898122690697,0.013670720709026129,1489,0.0638898122690697
sigma,Dsoc,0.06377950889568464,0.013271709304047037,1507,0.06377950889568464
omega_0,NEO_N,-0.06369661525165901,0.28216334529111436,287,0.06369661525165901
alpha_minus,SOEPdri,-0.06339100359341598,0.013844279148255473,1507,0.06339100359341598
mean_pumps,OSpcOp,0.06324383760166148,0.01465396781766973,1489,0.06324383760166148
explosion_rate,OSrtOp,0.0626634356954308,0.015589980230452553,1489,0.0626634356954308
alpha_minus,Dinv_b,-0.06257265288715176,0.015122093127036771,1507,0.06257265288715176
alpha_plus,OSrtLet,0.06228153036435498,0.016234179402744863,1489,0.06228153036435498
sigma,Rexp,0.0622617423517683,0.017617131826731827,1453,0.0622617423517683
alpha_minus,Dsoc_r,0.062177814639985146,0.015774911844954782,1507,0.062177814639985146
explosion_rate,NEO_A,0.06192974826061846,0.29660452153394323,286,0.06192974826061846
sigma,income,-0.061811982145154196,0.016763134419818842,1497,0.061811982145154196
alpha_plus,MUpc,-0.06177835244525918,0.017155900011562426,1488,0.06177835244525918
omega_0,FTND,0.06113003606285329,0.017628763304618232,1507,0.06113003606285329
mean_pumps,OSrtOp,0.06098620779022163,0.01859642457092407,1489,0.06098620779022163
rho_0,Dgam_b,-0.06088596397960512,0.018087058821913943,1507,0.06088596397960512
alpha_minus,GABS,-0.06082131980696027,0.01821017410315528,1507,0.06082131980696027
alpha_plus,SOEP,0.06078878979491073,0.01827240452992045,1507,0.06078878979491073
omega_0,Deth,0.06062927342774649,0.018580261586681784,1507,0.06062927342774649
explosion_rate,Dinv_b,0.06031010108166049,0.019209882713799156,1507,0.06031010108166049
alpha_plus,BIS1att,-0.05981522635418151,0.02022294569975753,1507,0.05981522635418151
alpha_plus,SStas,0.05980584579460706,0.02024259015151293,1507,0.05980584579460706
alpha_plus,CV,0.05951607322057513,0.02085767019376423,1507,0.05951607322057513
explosion_rate,BIS,0.05932452632109339,0.02127313121656458,1507,0.05932452632109339
mean_pumps,NEO_A,0.059181259680592194,0.31860086874312477,286,0.059181259680592194
sigma,SSbor,0.05877735045246506,0.022499848359207167,1507,0.05877735045246506
explosion_rate,SSrtLet,0.05869876795352546,0.023506950244895884,1489,0.05869876795352546
sigma,WMC,-0.058593238352425685,0.02409041322880054,1482,0.058593238352425685
rho_0,Dhea_r,-0.058557470499054395,0.02300983673930168,1507,0.058557470499054395
mean_pumps,CV,-0.058188780817134855,0.023887494887974623,1507,0.058188780817134855
rho_0,CCTacards,-0.05795126002643371,0.02451568693531854,1506,0.05795126002643371
alpha_minus,NEO_O,-0.05737727284597755,0.3336015413789604,286,0.05737727284597755
sigma,OSpcLet,-0.05727706983244703,0.027095384688871006,1489,0.05727706983244703
mean_pumps,swrate,-0.05683425664909352,0.02746833311753263,1505,0.05683425664909352
mean_pumps,BIS2mot,0.05623127148282238,0.029049118351686543,1507,0.05623127148282238
sigma,Dhea_b,0.05621963474658287,0.029082466505623603,1507,0.05621963474658287
explosion_rate,MUpc,0.055794471200109226,0.031388109900603034,1488,0.055794471200109226
omega_0,SSpcOp,0.055724107042069426,0.03154553447434406,1489,0.055724107042069426
omega_0,SStas,0.05569819565530824,0.030610952712111835,1507,0.05569819565530824
omega_0,Dhea,0.05567917530223793,0.030667985760858166,1507,0.05567917530223793
sigma,SOEPocc,0.05560633152154345,0.03088725370144137,1507,0.05560633152154345
alpha_plus,SSSV,0.055350395252535524,0.031668343253456445,1507,0.055350395252535524
mean_pumps,SSTM,0.05489090288250699,0.0345455537950465,1483,0.05489090288250699
alpha_minus,samples,-0.05461845669962732,0.0339961715619436,1507,0.05461845669962732
explosion_rate,CCTacards,-0.05429352919824568,0.03513620060287589,1506,0.05429352919824568
explosion_rate,Rexp,0.05404994835484522,0.03939648483848538,1453,0.05404994835484522
sigma,SOEPhea,0.053997896187220076,0.036082769702049156,1507,0.053997896187220076
omega_0,SSrtOp,0.05384142519663823,0.03776728909298683,1489,0.05384142519663823
alpha_plus,H_lot,-0.05360604655126408,0.037455753510227945,1507,0.05360604655126408
rho_0,NEO_O,0.05349616068434554,0.36738327869152804,286,0.05349616068434554
mean_pumps,SSrtLet,0.053456991325843216,0.03915849686423432,1489,0.053456991325843216
alpha_plus,household,0.053409006809098415,0.038809504012895166,1497,0.053409006809098415
alpha_plus,Dhea,0.05314190435477224,0.03913926613353585,1507,0.05314190435477224
sigma,R_lot,0.05292557973938112,0.03994558239580265,1507,0.05292557973938112
sigma,Dm,0.05278685793383648,0.040470020374878644,1507,0.05278685793383648
explosion_rate,OSrtLet,0.052725773544267954,0.0419248346362874,1489,0.052725773544267954
sigma,FTND,0.052637412987419495,0.041041510980271784,1507,0.052637412987419495
rho_0,H_dfe,-0.052605235722518295,0.04116544933301301,1507,0.052605235722518295
sigma,samples,0.05254958462835563,0.0413805503230097,1507,0.05254958462835563
sigma,SOEPrec,0.0523573066797779,0.042131070260362925,1507,0.0523573066797779
alpha_plus,SSrtLet,0.05233447742420694,0.043471869818191615,1489,0.05233447742420694
mean_pumps,SSrtOp,0.05231004472472494,0.04357004480194103,1489,0.05231004472472494
sigma,STAI_trait,-0.05220565066683537,0.37079240219675474,296,0.05220565066683537
explosion_rate,BIS1com,0.05204123788176663,0.043389778216718015,1507,0.05204123788176663
alpha_plus,R_dfe,0.05184492354981988,0.04418744506551619,1507,0.05184492354981988
rho_0,rt_decision_dfe,0.0514159799329637,0.04597343095448846,1507,0.0514159799329637
rho_0,Dgam,-0.05126535762208738,0.046614815425577064,1507,0.05126535762208738
alpha_plus,SOEPrec,0.05109453544863246,0.04735130363684689,1507,0.05109453544863246
alpha_plus,OSpcLet,-0.051031761998981184,0.0489737151406067,1489,0.051031761998981184
alpha_plus,SSexp,0.050951394441801745,0.047975951030395765,1507,0.050951394441801745
alpha_minus,BIS1mot,-0.05085353963517627,0.048406944839532416,1507,0.05085353963517627
explosion_rate,CAREwork,0.05043497855087552,0.05028730168650479,1507,0.05043497855087552
omega_0,H,0.05039984151747809,0.0504478975800982,1507,0.05039984151747809
omega_0,SOEPrec,0.050194663640707154,0.05139427131131706,1507,0.050194663640707154
sigma,MTr.1,0.049957494316929946,0.052821536636969535,1503,0.049957494316929946
mean_pumps,CAREwork,0.04994779180826198,0.052552589225457906,1507,0.04994779180826198
omega_0,Deth_b,0.0499292721544358,0.05264035528835841,1507,0.0499292721544358
mean_pumps,BIS,0.04970507029426991,0.053712609455238654,1507,0.04970507029426991
alpha_minus,AUDIT,-0.04941726044735138,0.05511571536173988,1507,0.04941726044735138
alpha_plus,Dgam_r,0.04881291437736945,0.05816144735810604,1507,0.04881291437736945
alpha_minus,BIS,-0.048708200920680005,0.05870311802531909,1507,0.048708200920680005
omega_0,BIS1att,-0.04860045343984956,0.05926484523265677,1507,0.04860045343984956
rho_0,BIS2npl,0.04834298630418949,0.06062518096189321,1507,0.04834298630418949
alpha_minus,R_sh1,-0.04817537764127645,0.06152456197913687,1507,0.04817537764127645
omega_0,PRIw,0.048057415257565704,0.062164137000958665,1507,0.048057415257565704
alpha_minus,Dy,-0.04803157879745402,0.06230494969440331,1507,0.04803157879745402
sigma,SOEPsoc,0.04761818357753914,0.06459409300442039,1507,0.04761818357753914
rho_0,Drec,0.047574354142504424,0.06484080941335868,1507,0.047574354142504424
alpha_minus,CCTacards,0.04737684345816159,0.06605224972432444,1506,0.04737684345816159
omega_0,CCTratio,0.0473038862691901,0.06647084112441491,1506,0.0473038862691901
rho_0,SOEPrec,-0.04723063917606912,0.0668026315518951,1507,0.04723063917606912
sigma,MTr.2,0.0470723166387085,0.06808887139285086,1503,0.0470723166387085
alpha_minus,SOEPhea,-0.04699578597541287,0.06817098134935173,1507,0.04699578597541287
omega_0,BMI,-0.04695134863957216,0.07418919299422783,1447,0.04695134863957216
sigma,Dinv,0.04690222999635403,0.0687224506922673,1507,0.04690222999635403
alpha_minus,Dgam_b,-0.04672071145426316,0.06980286506897053,1507,0.04672071145426316
omega_0,sibl_o,0.04668552397049861,0.07095125571270218,1497,0.04668552397049861
omega_0,birthrank,0.0466855239704986,0.07095125571270218,1497,0.0466855239704986
alpha_plus,H_dfe,0.046658595802514705,0.0701757665586222,1507,0.046658595802514705
omega_0,CCTncards,0.04664995325922863,0.0703210772485908,1506,0.04664995325922863
alpha_plus,Drec_b,0.04658223276232524,0.070636436213763,1507,0.04658223276232524
sigma,H,0.04634292678005968,0.07209615256806347,1507,0.04634292678005968
rho_0,GABS,-0.046266390545376346,0.07256818353477638,1507,0.046266390545376346
sigma,R,0.04616862128259956,0.07317484069370382,1507,0.04616862128259956
alpha_plus,SOEPsoc,0.04592786830692947,0.07468639362869856,1507,0.04592786830692947
sigma,CAREwork,0.04566380653955704,0.076373489843038,1507,0.04566380653955704
alpha_minus,Dgam_r,0.04560768449465094,0.07673602586582827,1507,0.04560768449465094
omega_0,H_dfe,0.045323185281101526,0.07859544620292835,1507,0.045323185281101526
mean_pumps,Rexp,0.044782588233308204,0.08792985536215515,1453,0.044782588233308204
rho_0,SSrtLet,0.044594300283804546,0.08539682286788845,1489,0.044594300283804546
omega_0,dif.amb.fx.bound,-0.044558921536682304,0.08449543448111389,1500,0.044558921536682304
rho_0,DAST,0.04446143114191525,0.08445214058965328,1507,0.04446143114191525
sigma,CCTpayoff,-0.04443911874858119,0.08471177867525194,1506,0.04443911874858119
rho_0,Dinv_r,-0.04431286813251767,0.08549659340579892,1507,0.04431286813251767
explosion_rate,FTND,0.044288325081640684,0.08567013986960277,1507,0.044288325081640684
sigma,rt_decision_dfe,0.044076708054379285,0.08717833250332813,1507,0.044076708054379285
sigma,MTr,0.04377921958593568,0.08976134447232216,1503,0.04377921958593568
alpha_plus,BIS2att,-0.04366556141730365,0.09016973786904435,1507,0.04366556141730365
explosion_rate,SSTM,0.04343216691746378,0.09453614746638445,1483,0.04343216691746378
explosion_rate,OSpcLet,0.04308291837190803,0.09654480593069097,1489,0.04308291837190803
sigma,MUpc,-0.04307828099388644,0.09669292022708628,1488,0.04307828099388644
sigma,BIS1att,-0.043067060430028795,0.09467119583666281,1507,0.043067060430028795
omega_0,DAST,0.04299469309914589,0.09522747069653141,1507,0.04299469309914589
sigma,R_sh2,0.04281727489040504,0.09660232199621714,1507,0.04281727489040504
alpha_minus,STAI_trait,0.04279301760595091,0.4632780402753066,296,0.04279301760595091
alpha_plus,Drec,0.04267946718799736,0.09768113113747072,1507,0.04267946718799736
alpha_plus,SSpcLet,-0.042591902714263816,0.1004071465702231,1489,0.042591902714263816
alpha_plus,BIS1com,0.04243899520172148,0.09958664917796103,1507,0.04243899520172148
sigma,CV,0.04210273795241842,0.10230071776710506,1507,0.04210273795241842
omega_0,dif.risk.fx.bias,0.04194270806234404,0.10441968892953385,1500,0.04194270806234404
omega_0,dif.amb.fx.bias,0.04194270806234404,0.10441968892953385,1500,0.04194270806234404
alpha_minus,rt_sample,0.041934773396602794,0.10367827846854419,1507,0.041934773396602794
alpha_minus,swrate,0.04184807941249819,0.10462571380820238,1505,0.04184807941249819
omega_0,SSdis,0.04184256775422314,0.10444074076704912,1507,0.04184256775422314
explosion_rate,t_diff,-0.04167226028759401,0.4743315674726228,297,0.04167226028759401
explosion_rate,Dgam,0.04161365204666903,0.10635291651705278,1507,0.04161365204666903
omega_0,dif.perc.bound,0.04141948284368824,0.10881979264804198,1500,0.04141948284368824
alpha_minus,OSpcOp,-0.041395501754468114,0.11033383487924253,1489,0.041395501754468114
omega_0,CCTaratio,0.040868931022785965,0.1131254491632726,1504,0.040868931022785965
alpha_minus,household,-0.0406600001107879,0.11583101043932502,1497,0.0406600001107879
rho_0,PG,-0.04062335961493826,0.11494633335390064,1507,0.04062335961493826
sigma,GABS,0.04031736124330734,0.11770927606893186,1507,0.04031736124330734
sigma,OSrtOp,0.040141831084295296,0.1215504159132412,1489,0.040141831084295296
explosion_rate,CV,-0.04000265300434003,0.12060489492312837,1507,0.04000265300434003
sigma,H_lot,-0.03980923700135513,0.12241195627162554,1507,0.03980923700135513
alpha_minus,CCTratio,-0.03980453769315036,0.12258044023731528,1506,0.03980453769315036
sigma,SOEPdri,0.03978693429401088,0.12262167967900425,1507,0.03978693429401088
mean_pumps,BIS1com,0.03978156201219719,0.1226722397954978,1507,0.03978156201219719
omega_0,BIS1ctr,0.03962557909915319,0.12414734675778508,1507,0.03962557909915319
rho_0,BIS,0.039615393221205615,0.12424415189957971,1507,0.039615393221205615
rho_0,Drec_b,0.03946366575321807,0.1256931234543515,1507,0.03946366575321807
alpha_plus,ses,-0.03944917337358359,0.12583220855461905,1507,0.03944917337358359
mean_pumps,income,-0.03943147378666388,0.12726779369859656,1497,0.03943147378666388
explosion_rate,swrate,-0.03911476240891775,0.12932966140891658,1505,0.03911476240891775
omega_0,R_sh1,0.0388072677258519,0.1321136211086368,1507,0.0388072677258519
omega_0,PRI,0.03871397928303237,0.13304635648085975,1507,0.03871397928303237
explosion_rate,BIS1att,-0.03853411942570456,0.13485903238562555,1507,0.03853411942570456
explosion_rate,CAREaggr,0.038523463470294145,0.13496702136637267,1507,0.038523463470294145
rho_0,Dhea_b,0.03826452118640019,0.13761175200761605,1507,0.03826452118640019
sigma,PG,0.03819621158154739,0.13831604953110357,1507,0.03819621158154739
alpha_minus,PG,-0.03817173818655397,0.13856905339191056,1507,0.03817173818655397
sigma,Dgam,0.038032350324312035,0.14001682929618672,1507,0.038032350324312035
mean_pumps,H,0.03801310258685785,0.1402176594728476,1507,0.03801310258685785
mean_pumps,FTND,0.0377356040916218,0.1431377272837162,1507,0.0377356040916218
rho_0,t_diff,-0.03771024531487819,0.5173883750594443,297,0.03771024531487819
omega_0,MTr,0.03768590185723546,0.14419920071316328,1503,0.03768590185723546
rho_0,SSrtOp,0.037583876980880886,0.14718003251614992,1489,0.037583876980880886
alpha_plus,Deth_b,0.03750143951247957,0.1456378719369922,1507,0.03750143951247957
omega_0,STAI_trait,-0.03747241267731341,0.5207449529408037,296,0.03747241267731341
alpha_plus,CAREaggr,0.03741316861333826,0.14658894936844769,1507,0.03741316861333826
sigma,dif.amb.fx.bound,-0.0373437434616174,0.1482850852996606,1500,0.0373437434616174
alpha_minus,CCTncards,-0.03722986394585649,0.14871412644718812,1506,0.03722986394585649
sigma,DAST,0.03721298734998692,0.14876338813042517,1507,0.03721298734998692
sigma,SSdis,0.037151471589612746,0.14943651176112743,1507,0.037151471589612746
omega_0,sibl,0.03713315454009388,0.15099746715538367,1497,0.03713315454009388
mean_pumps,OSrtLet,0.03686785494413728,0.155046771336184,1489,0.03686785494413728
mean_pumps,CAREaggr,0.03679884793379843,0.15333990168332878,1507,0.03679884793379843
sigma,Drec_r,-0.036752700477125116,0.15385641384131274,1507,0.036752700477125116
explosion_rate,H,0.036673255736751814,0.15474870425239126,1507,0.036673255736751814
rho_0,H,-0.03648654409019581,0.15686122450632187,1507,0.03648654409019581
rho_0,income,-0.036195854889988624,0.16158948288310665,1497,0.036195854889988624
rho_0,NEO_N,-0.036047649931891156,0.5430425628646115,287,0.036047649931891156
sigma,BIS2npl,0.035891739979559946,0.16373672832051947,1507,0.035891739979559946
rho_0,CCTpayoff,0.035825120334804665,0.1646610593407241,1506,0.035825120334804665
mean_pumps,Dgam,0.035778892832886246,0.16506638722509562,1507,0.035778892832886246
sigma,SSrtOp,0.03558960198451766,0.16987751104779247,1489,0.03558960198451766
alpha_plus,CCTacards,0.03520831770453952,0.17205648656139785,1506,0.03520831770453952
alpha_plus,Hexp,-0.035198979794865505,0.17259888773446105,1503,0.035198979794865505
omega_0,AUDIT,0.03506991027170943,0.1736065450548852,1507,0.03506991027170943
explosion_rate,H_dfe,-0.035026219519902195,0.17414342153870915,1507,0.035026219519902195
alpha_plus,t_diff,-0.03501609248368244,0.5477760142530668,297,0.03501609248368244
alpha_minus,SOEPfin,-0.03469441743587756,0.1782611271929202,1507,0.03469441743587756
sigma,Dsoc_r,-0.03463247950121444,0.17903773727691388,1507,0.03463247950121444
alpha_plus,income,-0.03447503296814311,0.18247980514819467,1497,0.03447503296814311
rho_0,Deth,0.03406202501660668,0.18630890734487146,1507,0.03406202501660668
alpha_plus,SOEPfin,0.03388544672329054,0.1886032211728989,1507,0.03388544672329054
sigma,BIS1com,0.03386078398466736,0.18892531828951334,1507,0.03386078398466736
alpha_plus,CCTpayoff,-0.033620967053387484,0.1922262822277735,1506,0.033620967053387484
omega_0,OSpcOp,0.03337149376132301,0.1980937245797558,1489,0.03337149376132301
omega_0,Dsoc_r,-0.033201119769255105,0.1976915384222135,1507,0.033201119769255105
alpha_minus,SOEPrec,-0.033197970329699934,0.19773409241385992,1507,0.033197970329699934
alpha_minus,BIS2npl,-0.03308077827379968,0.19932230870098872,1507,0.03308077827379968
omega_0,NEO_A,0.03298889278454667,0.5784837915873344,286,0.03298889278454667
rho_0,SSexp,0.03272295387884154,0.20422921999567237,1507,0.03272295387884154
omega_0,rt_decision,0.03272279540464706,0.20423141245940657,1507,0.03272279540464706
mean_pumps,GABS,0.032706788593242955,0.20445295212893794,1507,0.032706788593242955
alpha_plus,PRI,0.03269963909456729,0.20455196000129872,1507,0.03269963909456729
mean_pumps,BIS1att,-0.0326212885243239,0.20563925992210158,1507,0.0326212885243239
rho_0,OSrtLet,0.03235074150389543,0.21217228594493603,1489,0.03235074150389543
sigma,PRIw,0.032315907228445025,0.20991719021968505,1507,0.032315907228445025
omega_0,Dhea_b,0.03218388718206375,0.21178638364313068,1507,0.03218388718206375
omega_0,samples,0.03200687548885501,0.21431140348565567,1507,0.03200687548885501
omega_0,BIS2npl,0.03200643932864451,0.214317651852639,1507,0.03200643932864451
omega_0,R_dfe,0.03198444426359613,0.21463292012049232,1507,0.03198444426359613
mean_pumps,famstat,-0.03192634870442453,0.2169988082887201,1497,0.03192634870442453
explosion_rate,sibl_o,0.03187805435559076,0.2176953719515426,1497,0.03187805435559076
explosion_rate,birthrank,0.031878054355590754,0.2176953719515426,1497,0.031878054355590754
omega_0,BIS2att,-0.031849623958915,0.21657267908705558,1507,0.031849623958915
alpha_plus,Dy,0.031682497936748155,0.218994699177685,1507,0.031682497936748155
alpha_plus,SSbor,0.0315111566411851,0.2214979188800569,1507,0.0315111566411851
rho_0,CV,-0.0314877653189365,0.22184123828573923,1507,0.0314877653189365
sigma,CCTacards,-0.03148761896387029,0.22199705056230729,1506,0.03148761896387029
rho_0,samples,0.031223459861021447,0.22574698842909027,1507,0.031223459861021447
omega_0,Dm,0.03121947106070637,0.22580630583399822,1507,0.03121947106070637
alpha_minus,CCTaratio,-0.03121509417751765,0.22633470051243845,1504,0.03121509417751765
rho_0,dif.perc.bound,0.031110175607348623,0.22852043134858294,1500,0.031110175607348623
omega_0,MTr.2,0.03098387221953326,0.22994969885835062,1503,0.03098387221953326
omega_0,MTr.3,0.030969233643488706,0.2301700274736479,1503,0.030969233643488706
explosion_rate,income,-0.030936521263966357,0.23159744810457278,1497,0.030936521263966357
explosion_rate,BIS1mot,0.03087685862995573,0.2309428356815117,1507,0.03087685862995573
sigma,NEO_N,-0.030785139904892244,0.6034954844441015,287,0.030785139904892244
explosion_rate,rt_decision_dfe,0.030763410628019513,0.2326618167252218,1507,0.030763410628019513
mean_pumps,H_dfe,-0.03055021535025068,0.23591667604662264,1507,0.03055021535025068
explosion_rate,MTr.3,0.030101605321692395,0.24349771518206026,1503,0.030101605321692395
mean_pumps,CCTacards,-0.029955343120186877,0.24532527659992007,1506,0.029955343120186877
mean_pumps,BIS2att,-0.02966526937938543,0.2497707582123389,1507,0.02966526937938543
omega_0,R,0.029620771113479778,0.250482081510301,1507,0.029620771113479778
mean_pumps,rt_sample,-0.029494209157140544,0.2525129474506896,1507,0.029494209157140544
explosion_rate,SOEPdri,0.02944829675584605,0.2532525030054038,1507,0.02944829675584605
sigma,Dinv_r,-0.029357696484805337,0.25471630730914224,1507,0.029357696484805337
omega_0,edu,0.029269923708446933,0.2577262765477084,1497,0.029269923708446933
rho_0,sibl_o,0.029214298040640463,0.2586322599239997,1497,0.029214298040640463
rho_0,birthrank,0.029214298040640452,0.2586322599239997,1497,0.029214298040640452
sigma,H_dfe,0.02920742714115575,0.25715711037057415,1507,0.02920742714115575
alpha_minus,R_dfe,-0.0292024909159492,0.25723756290744604,1507,0.0292024909159492
alpha_plus,SSpcOp,0.02906089823377013,0.26242232605673665,1489,0.02906089823377013
explosion_rate,MTr,0.028959979199040673,0.2618465165812619,1503,0.028959979199040673
rho_0,SStas,0.02895665206389309,0.26126643006640915,1507,0.02895665206389309
alpha_plus,Dsoc_b,0.028823691880351374,0.26346348092638616,1507,0.028823691880351374
explosion_rate,dif.amb.fx.bound,-0.02862781641681966,0.2678387792993403,1500,0.02862781641681966
sigma,Dhea_r,-0.02849209128240712,0.2689982654053744,1507,0.02849209128240712
alpha_plus,FTND,0.02840409753143934,0.27048027132079255,1507,0.02840409753143934
alpha_plus,PRIw,0.027918207568399002,0.27876432525226214,1507,0.027918207568399002
explosion_rate,GABS,0.027778314091418614,0.28118104025411383,1507,0.027778314091418614
mean_pumps,dif.risk.fx.bound,-0.02777407603161276,0.2823765362224847,1500,0.02777407603161276
alpha_minus,SSrtOp,-0.027762597165325004,0.2843503907762194,1489,0.027762597165325004
sigma,BIS1ctr,0.027714539178556444,0.28228747789749054,1507,0.027714539178556444
alpha_plus,Dhea_b,0.027659240353501598,0.2832492472445339,1507,0.027659240353501598
rho_0,BIS2mot,0.027382589914254168,0.28809408822316546,1507,0.027382589914254168
rho_0,Dhea,0.02732103694863799,0.2891795826152068,1507,0.02732103694863799
omega_0,household,0.027237887985942597,0.2922591934700301,1497,0.027237887985942597
alpha_minus,NEO_N,0.02719787334464035,0.6463524751454268,287,0.02719787334464035
alpha_minus,BIS1com,0.02695824727470114,0.2956333016174903,1507,0.02695824727470114
explosion_rate,BIS2att,-0.026755777705650897,0.2992766359302539,1507,0.026755777705650897
sigma,OSrtLet,-0.026652161099802976,0.30406235913900237,1489,0.026652161099802976
alpha_plus,dif.amb.fx.bound,-0.026589852036416502,0.30341202103769593,1500,0.026589852036416502
omega_0,MTr.1,0.026573467298659306,0.30322631844619063,1503,0.026573467298659306
omega_0,income,-0.026527409392884706,0.3050342543884079,1497,0.026527409392884706
sigma,NEO_E,0.02651290355674563,0.654676141167122,287,0.02651290355674563
sigma,NUM,-0.02634038813256239,0.3068446774504392,1507,0.02634038813256239
rho_0,R_dfe,0.02629286796748825,0.3077184568459547,1507,0.02629286796748825
alpha_plus,Dm,0.026231625382255083,0.3088469819406767,1507,0.026231625382255083
alpha_plus,dif.risk.fx.bound,0.026203109441197386,0.3105015615882767,1500,0.026203109441197386
mean_pumps,BIS1mot,0.026164117471560517,0.3100941223016713,1507,0.026164117471560517
mean_pumps,sibl_o,0.026051558386575722,0.313794465502827,1497,0.026051558386575722
mean_pumps,birthrank,0.02605155838657571,0.313794465502827,1497,0.02605155838657571
mean_pumps,ses_fath,-0.025635633343701072,0.33048734694449755,1443,0.025635633343701072
alpha_minus,MTr.3,0.025490239262206536,0.32336929641884915,1503,0.025490239262206536
alpha_minus,CAREwork,-0.02548217126005271,0.3228784327939851,1507,0.02548217126005271
alpha_plus,NUM,-0.02544462372599359,0.32359216316219735,1507,0.02544462372599359
omega_0,Dinv,0.025374482006277004,0.3249282163625027,1507,0.025374482006277004
omega_0,SSbor,0.024949992041652564,0.333090264465452,1507,0.024949992041652564
alpha_plus,R_lot,0.02483462695899295,0.33533114514437584,1507,0.02483462695899295
alpha_plus,swrate,0.024780538053692486,0.3367064950637255,1505,0.024780538053692486
alpha_plus,DAST,0.02456051788561344,0.34069431224075253,1507,0.02456051788561344
omega_0,Rexp,-0.02432728459006159,0.3541071105745471,1453,0.02432728459006159
sigma,rt_decision,0.024319910417005455,0.3454469731803571,1507,0.024319910417005455
omega_0,t_diff,-0.024301649074277714,0.6766033878725034,297,0.024301649074277714
rho_0,WMC,-0.024252746116619154,0.3508192410554916,1482,0.024252746116619154
rho_0,H_lot,0.02424126949402716,0.34700945935750216,1507,0.02424126949402716
alpha_minus,t_diff,-0.024144817264638133,0.678573875405523,297,0.024144817264638133
sigma,BIS2att,-0.02403186172938837,0.3511919737376641,1507,0.02403186172938837
alpha_minus,MTr,0.024003991457609473,0.35239203440025796,1503,0.024003991457609473
alpha_minus,OSrtOp,-0.0237889766493684,0.358976276756958,1489,0.0237889766493684
rho_0,OSpcLet,-0.023698031236286065,0.3608168871283435,1489,0.023698031236286065
rho_0,NEO_E,-0.023563431250308013,0.690996637343414,287,0.023563431250308013
alpha_plus,Deth,0.023505818297819878,0.3618387459344802,1507,0.023505818297819878
rho_0,SOEPfin,0.023485744733897543,0.3622489845152468,1507,0.023485744733897543
sigma,BMI,0.023297406402537166,0.37584663093759046,1447,0.023297406402537166
alpha_minus,dif.risk.fx.bound,0.023294970354532422,0.36727973749333426,1500,0.023294970354532422
rho_0,Hexp,-0.02320194651216712,0.3687174855624025,1503,0.02320194651216712
mean_pumps,SOEPdri,0.02314212126877102,0.36931661661389414,1507,0.02314212126877102
mean_pumps,CAREsex,0.02314010362626055,0.3693583667205124,1507,0.02314010362626055
alpha_minus,CAREaggr,-0.023130998254191067,0.36954681627216707,1507,0.023130998254191067
omega_0,SOEP,0.023063720619329427,0.37094107922612857,1507,0.023063720619329427
omega_0,CV,0.0229826515166264,0.37262548380446947,1507,0.0229826515166264
alpha_minus,famstat,0.022917441620458733,0.37557638623856127,1497,0.022917441620458733
alpha_minus,NEO_A,0.02291286545518412,0.69961118434541,286,0.02291286545518412
explosion_rate,MTr.2,0.022723586067769006,0.3786745737304861,1503,0.022723586067769006
omega_0,SOEPhea,0.02247442347780074,0.38329267681466095,1507,0.02247442347780074
sigma,AUDIT,0.022279319239973203,0.3874368616802448,1507,0.022279319239973203
rho_0,MUpc,-0.022116257484328942,0.3939293311178316,1488,0.022116257484328942
rho_0,dif.amb.fx.bias,-0.02211035347738338,0.3921521050021958,1500,0.02211035347738338
rho_0,dif.risk.fx.bias,-0.02211035347738338,0.3921521050021958,1500,0.02211035347738338
rho_0,edu,-0.022089059591840925,0.393082852256197,1497,0.022089059591840925
explosion_rate,CAREsex,0.022042528379972552,0.3925030083506827,1507,0.022042528379972552
omega_0,CAREaggr,0.02184794523281574,0.39669600479598593,1507,0.02184794523281574
alpha_plus,SOEPocc,0.02161155221783323,0.4018261168576826,1507,0.02161155221783323
omega_0,Drec_r,-0.02131497834886833,0.4083181865110991,1507,0.02131497834886833
omega_0,Dgam,0.02131065461189589,0.4084132933305078,1507,0.02131065461189589
sigma,dif.risk.fx.bound,-0.021291229200632512,0.40993289404684863,1500,0.021291229200632512
mean_pumps,sibl,0.021190809819155092,0.4126138331393381,1497,0.021190809819155092
sigma,R_sh1,0.021178709636863073,0.41132194611590084,1507,0.021178709636863073
explosion_rate,dif.risk.fx.bound,-0.020974184206074584,0.41694155230276175,1500,0.020974184206074584
alpha_minus,H,-0.020719118029942658,0.42154884810312687,1507,0.020719118029942658
mean_pumps,Dgam_r,-0.020496577546674704,0.42655392059416125,1507,0.020496577546674704
alpha_minus,Rexp,-0.020493846475693158,0.4350384027047483,1453,0.020493846475693158
rho_0,BIS1ctr,0.02040623397401362,0.428595641205633,1507,0.02040623397401362
sigma,NEO_A,-0.02039225348630556,0.7313053091056306,286,0.02039225348630556
explosion_rate,rt_sample,-0.020386455120936762,0.42904339017432525,1507,0.020386455120936762
rho_0,switches,0.020384890823710883,0.42938574905342164,1505,0.020384890823710883
alpha_plus,rt_sample,0.02027038362006992,0.4316764586430888,1507,0.02027038362006992
rho_0,SSdis,-0.020234417127606354,0.4324942490452183,1507,0.020234417127606354
sigma,BIS1mot,0.020135214364152592,0.43475451696674094,1507,0.020135214364152592
alpha_plus,rt_decision,-0.020101170410441193,0.435531753022942,1507,0.020101170410441193
alpha_minus,NEO_C,0.020098465569410737,0.7345811780149798,287,0.020098465569410737
mean_pumps,t_diff,-0.02008572449154163,0.7303002229172447,297,0.02008572449154163
alpha_plus,R_sh1,0.020003752094166154,0.43776026821476544,1507,0.020003752094166154
omega_0,OSpcLet,0.01981560602349773,0.44482624015885996,1489,0.01981560602349773
rho_0,SOEPsoc,-0.01976819153221544,0.44317588683280446,1507,0.01976819153221544
rho_0,CCTaratio,-0.019623639421561864,0.446971635052024,1504,0.019623639421561864
rho_0,SSSV,0.019540446441829385,0.4484480051750187,1507,0.019540446441829385
rho_0,SSpcLet,-0.019103024334341353,0.4613733595526832,1489,0.019103024334341353
mean_pumps,dif.amb.fx.bias,0.019027952750427783,0.4614862413416519,1500,0.019027952750427783
mean_pumps,dif.risk.fx.bias,0.019027952750427783,0.4614862413416519,1500,0.019027952750427783
rho_0,Dsoc_r,-0.018849001123347982,0.46467052342534515,1507,0.018849001123347982
alpha_plus,SOEPhea,0.018809480214409795,0.4656075036417212,1507,0.018809480214409795
alpha_minus,Hexp,-0.018701566096558285,0.46876335258607343,1503,0.018701566096558285
alpha_minus,dif.amb.fx.bias,-0.018659106659082016,0.47021793253613436,1500,0.018659106659082016
alpha_minus,dif.risk.fx.bias,-0.018659106659082016,0.47021793253613436,1500,0.018659106659082016
omega_0,famstat,-0.01864041593222881,0.471107611271809,1497,0.01864041593222881
explosion_rate,sibl,0.01861765389499156,0.47164944828292366,1497,0.01861765389499156
alpha_plus,CAREsex,-0.01825327616149934,0.4789049067512465,1507,0.01825327616149934
mean_pumps,MTr.2,0.01824389407368863,0.4797159025726465,1503,0.01824389407368863
omega_0,OSrtLet,0.0182380458536279,0.48191292645144146,1489,0.0182380458536279
alpha_plus,dif.perc.bound,0.018230298656522224,0.48048267562876656,1500,0.018230298656522224
omega_0,WMC,0.0179947460187851,0.48880494576899847,1482,0.0179947460187851
sigma,dif.perc.bound,0.017874684272561687,0.48908700238770425,1500,0.017874684272561687
rho_0,dif.amb.fx.bound,0.017861261298852,0.4894133961752611,1500,0.017861261298852
rho_0,SSpcOp,-0.017763209292150983,0.49339607793565426,1489,0.017763209292150983
alpha_plus,switches,0.017336887521921352,0.501542568278674,1505,0.017336887521921352
sigma,BIS2mot,0.01732303692673023,0.5015999954209991,1507,0.01732303692673023
mean_pumps,MTr,0.017261367040679515,0.5036925340338348,1503,0.017261367040679515
sigma,BIS1ins,0.01720839601337683,0.5044357451594861,1507,0.01720839601337683
rho_0,BIS1ins,0.017170772993574657,0.5053682228885852,1507,0.017170772993574657
omega_0,Dgam_b,0.017073734473831734,0.5077774796093344,1507,0.017073734473831734
alpha_minus,NEO_E,-0.016971287815565558,0.7746654189365954,287,0.016971287815565558
explosion_rate,famstat,-0.016902983325963822,0.5134371226591351,1497,0.016902983325963822
alpha_plus,SOEPdri,-0.016880711519997364,0.5125876667881862,1507,0.016880711519997364
sigma,BIS,0.016735606469636337,0.5162192878645606,1507,0.016735606469636337
omega_0,SSpcLet,0.016714821010499935,0.5192593223057338,1489,0.016714821010499935
omega_0,Dinv_b,0.016681179186978947,0.5175848974956312,1507,0.016681179186978947
rho_0,FTND,-0.016603299893479712,0.5195421737746339,1507,0.016603299893479712
sigma,sibl_o,0.016278836372618826,0.529112479360665,1497,0.016278836372618826
sigma,birthrank,0.016278836372618826,0.529112479360665,1497,0.016278836372618826
explosion_rate,NEO_C,0.016226797145621988,0.7843015765587812,287,0.016226797145621988
omega_0,NUM,0.016127665436439082,0.5315781720338997,1507,0.016127665436439082
alpha_minus,ses_moth,-0.016117595547634724,0.5352631718472747,1482,0.016117595547634724
omega_0,BIS2mot,0.015995751021159806,0.5349411207618194,1507,0.015995751021159806
alpha_plus,NEO_O,-0.015906025492318798,0.7888269481107079,286,0.015906025492318798
rho_0,ses,0.01581126819077148,0.5396621261566078,1507,0.01581126819077148
omega_0,CCTacards,0.015757539698140983,0.5411754652364053,1506,0.015757539698140983
explosion_rate,Dgam_r,-0.01550825935480807,0.5474612241366328,1507,0.01550825935480807
alpha_minus,MTr.1,0.015399756769428397,0.5507979769805448,1503,0.015399756769428397
rho_0,BIS2att,0.015044455814586178,0.5595058407408035,1507,0.015044455814586178
alpha_minus,MTr.2,0.014908123068112388,0.5635899502330675,1503,0.014908123068112388
alpha_plus,dif.risk.fx.bias,-0.0148388081180686,0.5657938496325148,1500,0.0148388081180686
alpha_plus,dif.amb.fx.bias,-0.0148388081180686,0.5657938496325148,1500,0.0148388081180686
omega_0,rt_sample,-0.014726221842296404,0.5678437557876534,1507,0.014726221842296404
mean_pumps,MTr.3,0.01462828341787259,0.5709345112863079,1503,0.01462828341787259
alpha_plus,R,0.014606071930917517,0.5710071293057548,1507,0.014606071930917517
rho_0,Dy,0.014568576649370092,0.5719960389225835,1507,0.014568576649370092
explosion_rate,MTr.1,0.014553797641697036,0.5728970792259236,1503,0.014553797641697036
alpha_plus,rt_decision_dfe,0.014462962530242422,0.574785893610633,1507,0.014462962530242422
sigma,ses_fath,0.014451651567831153,0.5833311392111665,1443,0.014451651567831153
omega_0,Hexp,0.014430500849242656,0.576152741308513,1503,0.014430500849242656
rho_0,SSbor,0.014396268990438036,0.5765509458284516,1507,0.014396268990438036
sigma,SSrtLet,-0.014363280102469523,0.5797108844281149,1489,0.014363280102469523
omega_0,CCTpayoff,-0.014316132964939743,0.578801364933844,1506,0.014316132964939743
explosion_rate,dif.risk.fx.bias,0.014287683949742055,0.5803137189636833,1500,0.014287683949742055
explosion_rate,dif.amb.fx.bias,0.014287683949742055,0.5803137189636833,1500,0.014287683949742055
sigma,rt_sample,0.014285160067396923,0.5794971139082179,1507,0.014285160067396923
alpha_plus,MTr.1,0.014175800100600792,0.5829056157470197,1503,0.014175800100600792
sigma,t_diff,-0.014087591908667452,0.8089588734186935,297,0.014087591908667452
alpha_plus,BIS1ctr,-0.013978070711959858,0.5876763970970692,1507,0.013978070711959858
omega_0,BIS1per,0.013609910694067846,0.5975520092872569,1507,0.013609910694067846
explosion_rate,ses,0.013563625484523029,0.5987988885027817,1507,0.013563625484523029
sigma,household,0.013505868162244422,0.6015700785807528,1497,0.013505868162244422
alpha_minus,edu,-0.013426311669321617,0.6037133099770596,1497,0.013426311669321617
alpha_plus,GABS,-0.01338731078790682,0.6035593966680033,1507,0.01338731078790682
rho_0,rt_sample,0.013186491260511765,0.6090021403632109,1507,0.013186491260511765
rho_0,Dsoc_b,-0.013179430920255551,0.6091938908507465,1507,0.013179430920255551
omega_0,BIS1mot,0.013115825580402115,0.610922544671953,1507,0.013115825580402115
sigma,Dinv_b,0.01305902343787783,0.6124681363242415,1507,0.01305902343787783
alpha_plus,Dhea_r,0.013006475090893884,0.6138995174787889,1507,0.013006475090893884
alpha_plus,Deth_r,0.012980999356969494,0.6145939889668978,1507,0.012980999356969494
rho_0,NUM,-0.012957840071553078,0.6152256134649827,1507,0.012957840071553078
alpha_plus,BMI,-0.012946701147462984,0.6226624727657991,1447,0.012946701147462984
mean_pumps,dif.amb.fx.bound,-0.012910858294642953,0.617329038707903,1500,0.012910858294642953
rho_0,SOEPdri,-0.01277367594863995,0.6202584446972644,1507,0.01277367594863995
explosion_rate,PG,0.012717939510189557,0.621785131667907,1507,0.012717939510189557
sigma,sibl,0.012606269032168582,0.6260017099180915,1497,0.012606269032168582
rho_0,CAREwork,0.012587951812425197,0.6253519636454407,1507,0.012587951812425197
sigma,NEO_O,0.012521076599840532,0.8330187305813256,286,0.012521076599840532
sigma,Deth_b,0.012401308121616448,0.6304887666891552,1507,0.012401308121616448
omega_0,switches,0.012174746760177506,0.6369723339820416,1505,0.012174746760177506
rho_0,Dinv,-0.012167951333239118,0.636936368482548,1507,0.012167951333239118
omega_0,Dgam_r,0.012166670835643108,0.6369718248365955,1507,0.012166670835643108
sigma,Deth_r,-0.012095956002127697,0.6389311713263396,1507,0.012095956002127697
alpha_plus,BIS2npl,0.012095343683010178,0.638948148315776,1507,0.012095343683010178
alpha_plus,MTr.2,0.011960191810095508,0.643142167167662,1503,0.011960191810095508
alpha_plus,Dgam,-0.01194381221665185,0.6431552597019002,1507,0.01194381221665185
alpha_minus,FTND,0.01188869576026234,0.6446883586226934,1507,0.01188869576026234
omega_0,BIS,0.011847339170480465,0.6458397106474388,1507,0.011847339170480465
alpha_plus,BIS,-0.01167868858011444,0.6505436385121411,1507,0.01167868858011444
alpha_plus,MTr,0.011626085414495876,0.652446106554565,1503,0.011626085414495876
alpha_plus,Dinv_b,0.0115919692905797,0.6529678145670808,1507,0.0115919692905797
sigma,CAREsex,-0.01138788320176429,0.6586873225240333,1507,0.01138788320176429
rho_0,Dsoc,0.011166464733187742,0.6649151992762118,1507,0.011166464733187742
alpha_minus,dif.amb.fx.bound,0.011056821778210664,0.6687348843552198,1500,0.011056821778210664
omega_0,Dinv_r,0.010956567661845744,0.6708404283499289,1507,0.010956567661845744
omega_0,CAREwork,-0.010770671909317565,0.6761052626437517,1507,0.010770671909317565
omega_0,MUpc,0.0107378785252251,0.678966942565279,1488,0.0107378785252251
alpha_plus,BIS1per,-0.010730060321609105,0.6772575610278351,1507,0.010730060321609105
mean_pumps,BIS1ins,-0.010606047981627119,0.6807809049243113,1507,0.010606047981627119
omega_0,SSrtLet,0.010570387585570674,0.6836008980381231,1489,0.010570387585570674
rho_0,Dm,-0.010508495608350953,0.6835573917601946,1507,0.010508495608350953
rho_0,SOEP,0.010486685199590267,0.6841787355306264,1507,0.010486685199590267
sigma,Dgam_b,-0.010399527300718286,0.6866638542707049,1507,0.010399527300718286
alpha_plus,Dgam_b,0.01039233446850676,0.6868690939755094,1507,0.01039233446850676
omega_0,BIS1com,0.010353599107441677,0.6879747618818601,1507,0.010353599107441677
alpha_minus,sibl,-0.01034109698313742,0.6893150834828298,1497,0.01034109698313742
rho_0,PRIw,-0.010255295906984974,0.69078373135892,1507,0.010255295906984974
omega_0,SSTM,0.010250853487204814,0.6932597670538706,1483,0.010250853487204814
sigma,Hexp,0.010097852675933619,0.6956765252948026,1503,0.010097852675933619
alpha_plus,SSdis,0.009956043324537174,0.6993608157783231,1507,0.009956043324537174
mean_pumps,BMI,-0.009954458479315767,0.7051748467983662,1447,0.009954458479315767
alpha_plus,ses_moth,-0.00988308014878025,0.7038305469344451,1482,0.00988308014878025
alpha_plus,Rexp,0.009800877246302372,0.7089403556148521,1453,0.009800877246302372
mean_pumps,rt_decision_dfe,0.009776956195320036,0.7045122317649191,1507,0.009776956195320036
omega_0,BIS1ins,0.00966373437193521,0.707776059542877,1507,0.00966373437193521
alpha_plus,Dinv,0.009627436392854224,0.7088235555315476,1507,0.009627436392854224
alpha_plus,ses_fath,-0.00961299491535473,0.7152164552740143,1443,0.00961299491535473
sigma,swrate,-0.009602698223282373,0.709722138880543,1505,0.009602698223282373
alpha_minus,SSpcOp,-0.009551437513585309,0.7126752247252448,1489,0.009551437513585309
alpha_plus,H,-0.009538100322215599,0.7114039782914557,1507,0.009538100322215599
alpha_minus,BIS1ins,0.009326633653519066,0.7175252062277286,1507,0.009326633653519066
rho_0,sibl,0.00926851373792805,0.7201061070473187,1497,0.00926851373792805
rho_0,BIS1att,0.008938045740974166,0.7288206006317879,1507,0.008938045740974166
omega_0,GABS,0.008921508430609118,0.7293026314163904,1507,0.008921508430609118
rho_0,SOEPocc,-0.008756077510691055,0.7341304796139236,1507,0.008756077510691055
rho_0,ses_moth,0.008721449210543016,0.7372701497851192,1482,0.008721449210543016
sigma,MTr.3,0.008621447730416633,0.7384028781130457,1503,0.008621447730416633
alpha_minus,income,-0.008470788778130513,0.7433078132677454,1497,0.008470788778130513
alpha_plus,OSpcOp,0.00839324504772167,0.7462343950292052,1489,0.00839324504772167
rho_0,SOEPhea,0.008362632142267484,0.7456545291005754,1507,0.008362632142267484
omega_0,SOEPfin,0.008335183145380301,0.746460672489442,1507,0.008335183145380301
omega_0,ses_fath,-0.008203394730804035,0.7555298241589267,1443,0.008203394730804035
alpha_minus,BIS1att,-0.008014672794140119,0.7558939737954522,1507,0.008014672794140119
sigma,PRI,0.00792258345066233,0.7586111659603004,1507,0.00792258345066233
mean_pumps,MTr.1,0.0076242093223970585,0.767735791688963,1503,0.0076242093223970585
sigma,Dgam_r,0.00742510046800626,0.7733406771012612,1507,0.00742510046800626
alpha_minus,birthrank,-0.0071536693072521695,0.7821213947927191,1497,0.0071536693072521695
alpha_minus,sibl_o,-0.007153669307252161,0.7821213947927191,1497,0.007153669307252161
rho_0,sibl_y,-0.007129433762686077,0.7828410186738514,1497,0.007129433762686077
mean_pumps,Hexp,0.007080514853872017,0.78387229063775,1503,0.007080514853872017
alpha_minus,DAST,-0.006957362925433724,0.7872643726223988,1507,0.006957362925433724
sigma,OSpcOp,0.00687510812508516,0.7909524549609113,1489,0.00687510812508516
alpha_plus,BIS2mot,-0.00680256352906331,0.7918877142904033,1507,0.00680256352906331
omega_0,SOEPdri,-0.006754222746936184,0.7933330000930146,1507,0.006754222746936184
explosion_rate,switches,0.006512635124778737,0.8006962983383022,1505,0.006512635124778737
rho_0,MTr.3,0.006481984227452569,0.8017440232327319,1503,0.006481984227452569
rho_0,R_sh1,-0.006474832365306691,0.8016999253919864,1507,0.006474832365306691
rho_0,BIS1mot,-0.0064169756254921426,0.8034354432868814,1507,0.0064169756254921426
alpha_plus,samples,0.0063655063761350016,0.8049801712940224,1507,0.0063655063761350016
rho_0,MTr.2,-0.006210090819278426,0.8098975566495109,1503,0.006210090819278426
mean_pumps,NEO_C,0.006200687252802998,0.9167020461731274,287,0.006200687252802998
sigma,switches,0.0061316381809216,0.812131327813046,1505,0.0061316381809216
mean_pumps,ses_moth,-0.006117484592184759,0.8139706315018748,1482,0.006117484592184759
sigma,ses,0.005842695952482944,0.820713206472261,1507,0.005842695952482944
rho_0,R_lot,-0.00583661453494133,0.82089665363206,1507,0.00583661453494133
sigma,ses_moth,-0.005804391306070267,0.8233303892205561,1482,0.005804391306070267
alpha_minus,OSrtLet,-0.005741629283417878,0.8248033844651876,1489,0.005741629283417878
rho_0,SSTM,0.005734959584475946,0.8253514273878377,1483,0.005734959584475946
rho_0,Dinv_b,-0.005611358014023585,0.8276983741994101,1507,0.005611358014023585
rho_0,famstat,0.005494332672828934,0.831790526190251,1497,0.005494332672828934
explosion_rate,BMI,-0.005463363094890862,0.8355059359997015,1447,0.005463363094890862
omega_0,ses_moth,-0.005438404313729213,0.8343031971780661,1482,0.005438404313729213
alpha_minus,rt_decision_dfe,0.005399466424522169,0.8341083497162818,1507,0.005399466424522169
sigma,edu,0.005367534611693355,0.8356164628280026,1497,0.005367534611693355
sigma,dif.risk.fx.bias,0.005357455531970422,0.8357584947450634,1500,0.005357455531970422
sigma,dif.amb.fx.bias,0.005357455531970422,0.8357584947450634,1500,0.005357455531970422
omega_0,Dhea_r,0.005296035828384624,0.8372412822739317,1507,0.005296035828384624
rho_0,Deth_b,0.005201480550056643,0.8401076388004077,1507,0.005201480550056643
rho_0,R_sh2,0.005092391519616598,0.843417203788466,1507,0.005092391519616598
alpha_plus,sibl_o,0.004862228781657416,0.8509010549956469,1497,0.004862228781657416
alpha_plus,birthrank,0.004862228781657411,0.8509010549956469,1497,0.004862228781657411
alpha_minus,ses_fath,-0.004823531474641974,0.8547407442107393,1443,0.004823531474641974
sigma,sibl_y,-0.004788632792291916,0.8531320212767968,1497,0.004788632792291916
alpha_minus,BMI,0.004755657900445997,0.8565659206017903,1447,0.004755657900445997
omega_0,PG,0.004750732931777377,0.8538001364983651,1507,0.004750732931777377
explosion_rate,Hexp,0.004622561134480601,0.8578891602602124,1503,0.004622561134480601
explosion_rate,BIS1ins,0.004562274318154555,0.8595383197171956,1507,0.004562274318154555
sigma,BIS1per,0.004519512292824747,0.8608413803232955,1507,0.004519512292824747
rho_0,dif.risk.fx.bound,-0.004517422718359991,0.8612257351830385,1500,0.004517422718359991
rho_0,household,-0.00442569284095773,0.8641509105859033,1497,0.00442569284095773
alpha_minus,sibl_y,-0.004417878395533232,0.8643884563533247,1497,0.004417878395533232
rho_0,AUDIT,-0.004373391407290832,0.8652968670320599,1507,0.004373391407290832
alpha_plus,SSrtOp,-0.004373300202755279,0.8661002052839123,1489,0.004373300202755279
omega_0,R_sh2,0.003942410647370803,0.8784626506211406,1507,0.003942410647370803
mean_pumps,sibl_y,0.003925233806888752,0.8793878467905388,1497,0.003925233806888752
rho_0,rt_decision,0.003921042852631137,0.8791163086551577,1507,0.003921042852631137
alpha_plus,CAREwork,0.003839847557909977,0.8816008850395488,1507,0.003839847557909977
alpha_plus,famstat,-0.003431526412910763,0.8944630991072758,1497,0.003431526412910763
omega_0,Deth_r,0.003417521080432521,0.8945423141537392,1507,0.003417521080432521
rho_0,swrate,0.0033951712662369767,0.8952972575464925,1505,0.0033951712662369767
alpha_plus,Dsoc_r,-0.003318467487789898,0.8975818267760589,1507,0.003318467487789898
mean_pumps,Dgam_b,0.0032855926702893726,0.8985909423368764,1507,0.0032855926702893726
explosion_rate,sibl_y,0.003235162735087624,0.9004699367098733,1497,0.003235162735087624
explosion_rate,Dgam_b,0.003210284518910382,0.900903193735104,1507,0.003210284518910382
alpha_plus,Drec_r,0.003003918349706072,0.9072436818250446,1507,0.003003918349706072
rho_0,CCTncards,0.0029551964796651767,0.9087717130315375,1506,0.0029551964796651767
alpha_plus,BIS1mot,-0.0027096135762314888,0.9162961618900142,1507,0.0027096135762314888
alpha_plus,BIS1ins,0.0026816570802394844,0.9171566548248157,1507,0.0026816570802394844
alpha_plus,PG,-0.0026767090105750788,0.9173089651195155,1507,0.0026767090105750788
rho_0,CAREaggr,-0.002645700503719693,0.9182635303635932,1507,0.002645700503719693
alpha_plus,edu,0.0025660517802184937,0.9209790340966778,1497,0.0025660517802184937
mean_pumps,edu,0.0025316453376016037,0.9220351742497804,1497,0.0025316453376016037
rho_0,Dgam_r,-0.0024505776306690654,0.9242728344327925,1507,0.0024505776306690654
alpha_plus,Dsoc,0.0024289635128701263,0.9249387680519487,1507,0.0024289635128701263
omega_0,CAREsex,0.0022173425171757803,0.931461541065065,1507,0.0022173425171757803
rho_0,MTr.1,-0.0021772550983230636,0.9327869986593924,1503,0.0021772550983230636
alpha_plus,MTr.3,0.001956169358142938,0.9395982539953667,1503,0.001956169358142938
alpha_plus,sibl_y,0.0018562252775625914,0.9427933533928111,1497,0.0018562252775625914
alpha_plus,sibl,0.001853800956498496,0.9428679402945254,1497,0.001853800956498496
rho_0,ses_fath,0.0018326848311968184,0.944545759248932,1443,0.0018326848311968184
omega_0,swrate,-0.0015829509287228743,0.9510736749891294,1505,0.0015829509287228743
mean_pumps,PG,0.0015207216540466613,0.9529635681808996,1507,0.0015207216540466613
alpha_minus,BIS2att,-0.0015029261777322906,0.9535133619537987,1507,0.0015029261777322906
rho_0,BMI,0.0014373971043145114,0.9564327793488642,1447,0.0014373971043145114
rho_0,OSrtOp,-0.0013755856858699165,0.9577032669715644,1489,0.0013755856858699165
rho_0,CCTratio,0.001353702712586533,0.9581383928565561,1506,0.001353702712586533
explosion_rate,ses_fath,-0.0013461135808896468,0.9592535565531626,1443,0.0013461135808896468
alpha_plus,OSrtOp,0.0012627439166880338,0.9611700840350622,1489,0.0012627439166880338
rho_0,PRI,-0.0012511707382245932,0.9612936275944989,1507,0.0012511707382245932
omega_0,dif.risk.fx.bound,0.0012296874334143675,0.9620462660573811,1500,0.0012296874334143675
alpha_plus,R_sh2,0.001134410935286216,0.9649032752056806,1507,0.001134410935286216
alpha_minus,ses,0.001127665139304946,0.9651118452145157,1507,0.001127665139304946
mean_pumps,ses,0.001035721219417415,0.9679548466556612,1507,0.001035721219417415
sigma,SSpcOp,-0.0009717820149999532,0.9701124792995363,1489,0.0009717820149999532
alpha_plus,Dinv_r,-0.0009412410875607659,0.9708766939931497,1507,0.0009412410875607659
sigma,famstat,-0.0009131002731661414,0.9718410528669088,1497,0.0009131002731661414
alpha_minus,SSrtLet,0.0008394860916690546,0.9741797590675534,1489,0.0008394860916690546
omega_0,sibl_y,0.0007539490034619401,0.9767475575145071,1497,0.0007539490034619401
explosion_rate,ses_moth,0.000744309571045487,0.977160220952442,1482,0.000744309571045487
rho_0,R,-0.0006996058735749109,0.9783510732185533,1507,0.0006996058735749109
omega_0,H_lot,0.0006878868447194336,0.9787136255577737,1507,0.0006878868447194336
alpha_minus,switches,-0.0006208367418060178,0.9808008124910907,1505,0.0006208367418060178
mean_pumps,switches,0.0006064909594401392,0.9812443688435678,1505,0.0006064909594401392
omega_0,ses,0.0005475406789850178,0.9830558438474841,1507,0.0005475406789850178
explosion_rate,edu,-0.0005153922315714043,0.9841036580446314,1497,0.0005153922315714043
rho_0,MTr,-0.0005110177244783488,0.984206961139756,1503,0.0005110177244783488
sigma,SSTM,0.0003313996426939156,0.9898261680799141,1483,0.0003313996426939156
rho_0,OSpcOp,0.0003091437810324517,0.9904901695859707,1489,0.0003091437810324517
rho_0,CAREsex,-0.00027046490830843567,0.9916297363731365,1507,0.00027046490830843567
omega_0,rt_decision_dfe,-2.0312034909179647e-05,0.9993713780248062,1507,2.0312034909179647e-05
